{"dim": 2, "diag": true, "n0": 100000000.0, "m_ion_norm": 100, "m_ion": 9.1093837015e-29, "v_ti": 207957.64245251397, "nz": 512, "nx": 256, "nppc": 64, "dt_norm": 0.00390625, "diag_time_norm": 1, "diag_steps": 256, "diag_part": false, "diag_field": true, "beta": 0.1, "B0": 1.0000000000000001e-07, "vA": 930014.8499288347, "vA_over_c": null, "plasma_resistivity": 1e-07, "T_plasma": 24.588292599321438, "Te": 24.588292599321438, "t_ci": 0.035723867528782094, "d_i": 5314.093261582036, "time_norm": 100.0, "substeps": 10, "Lz_norm": 128, "Lx_norm": 64, "dz_norm": 0.25, "test": true, "A": 0.5, "theta": 0.0, "wave_number": 3, "w_ci": 175.88200107721636, "w_pi": 56414.602311806266, "dt": 0.00013954635753430505, "dz": 1328.523315395509, "Lz": 680203.9374825006, "Lx": 340101.9687412503, "k": 2.771162423919914e-05}