{"dim": 1, "diag": true, "test": true, "n0": 100000000.0, "m_ion_norm": 100, "m_ion": 9.1093837015e-29, "v_ti": 328809.9034944342, "nz": 1024, "nx": null, "nppc": 64, "dt_norm": 0.00390625, "diag_time_norm": 1, "diag_steps": 256, "diag_part": false, "diag_field": true, "diag_format": "plotfile", "diag_openpmd_backend": "h5", "beta": 0.25, "B0": 1.0000000000000001e-07, "vA": 930014.8499288347, "vA_over_c": 0.0031021956193735692, "n_floor_coef": 0.015625, "plasma_resistivity": 1e-06, "plasma_hyper_resistivity": 1e-06, "substeps": 10, "T_plasma": 61.47073149830362, "Te": 61.47073149830362, "t_ci": 0.035723867528782094, "d_i": 5314.093261582036, "time_norm": 100.0, "Lz_norm": 256, "Lx_norm": 64, "dz_norm": 0.25, "A": 0.5, "theta": 60.0, "wave_number": 4, "w_ci": 175.88200107721636, "w_pi": 56414.602311806266, "dt": 0.00013954635753430505, "dz": 1328.523315395509, "Lz": 1360407.8749650011, "Lx": 340101.9687412503, "k": 1.8474416159466093e-05}