{"dim": 1, "diag": true, "test": true, "n0": 100000000.0, "m_ion_norm": 1836.152, "m_ion": 1.672621310227663e-27, "v_ti": 218061.01291934482, "nz": 256, "nx": 8, "nppc": 64, "time_norm": 100.0, "dt_norm": 0.015625, "diag_time_norm": 1, "diag_steps": 64, "diag_part": true, "diag_field": true, "diag_format": "plotfile", "diag_openpmd_backend": "h5", "diag_field_list": ["E", "B", "J", "rho"], "diag_part_list": null, "restart": false, "grid_kwargs": {}, "warpx_kwargs": {}, "beta": 2.0, "B0": 1.0000000000000001e-07, "vA": 218061.01291934482, "vA_over_c": 0.000727373244724338, "n_floor_coef": 0.015625, "plasma_resistivity": 10.0, "plasma_hyper_resistivity": 1e-06, "substeps": 16, "T_plasma": 496.41315535304153, "Te": 496.41315535304153, "t_ci": 0.6559445081070829, "d_i": 22771.072549008022, "Lz_norm": 128, "Lx_norm": 0, "dz_norm": 0.5, "A": 1, "theta": 60.0, "wave_number": 2, "ny": 8, "dry_run": false, "w_ci": 9.578836669143751, "w_pi": 13165.49571192947, "dt": 0.01024913293917317, "dz": 11385.536274504011, "Lz": 2914697.286273027, "Lx": 0.0, "k": 4.311381038964624e-06}