{"dim": 2, "diag": true, "n0": 9.623617660860562e+16, "m_ion_norm": 100, "m_ion": 9.1093837015e-29, "v_ti": 67035.63152297506, "nz": 32, "nx": 1024, "nppc": 16, "diag_steps": 128, "beta": 0.1, "vA": 299792.458, "plasma_resistivity": 1e-07, "T_plasma": 2.5549947499808208, "Te": 2.5549947499808208, "t_ci": 3.57238675287821e-06, "d_i": 0.1713010368654675, "time_norm": 10.0, "dt_norm": 0.00390625, "diag_time_norm": 0.5, "Lz_norm": 4, "Lx_norm": 128, "dz_norm": 0.125, "test": true, "B0": 0.001, "vA_over_c": 0.001, "A": 0.5, "w_ci": 1758820.0107721633, "w_pi": 1750091321.6038742, "rho_i": 0.03811398045985663, "dz": 0.021412629608183437, "Lz": 0.68520414746187, "Lx": 21.92653271877984, "k": 0.5731125288037999}