{"dim": 1, "diag": true, "test": true, "n0": 100000000.0, "m_ion_norm": 1836.152, "m_ion": 1.672621310227663e-27, "v_ti": 77096.21047383804, "nz": 128, "nx": 16, "nppc": 64, "time_norm": 100.0, "dt_norm": 0.015625, "diag_time_norm": 1, "diag_steps": 64, "diag_part": true, "diag_field": true, "diag_format": "plotfile", "diag_openpmd_backend": "h5", "diag_field_list": ["E", "B", "J", "J_displacement", "rho"], "diag_part_list": null, "restart": false, "grid_kwargs": {}, "warpx_kwargs": {}, "beta": 0.25, "B0": 1.0000000000000001e-07, "vA": 218061.01291934482, "vA_over_c": 0.000727373244724338, "n_floor_coef": 0.015625, "plasma_resistivity": 100.0, "plasma_hyper_resistivity": 1e-06, "substeps": 16, "T_plasma": 62.05164441913021, "Te": 620.5164441913021, "Te_norm": 10.0, "t_ci": 0.4638228097645926, "d_i": 22771.072549008022, "Lz_norm": 64.0, "Lx_norm": 0, "dz_norm": 0.5, "A": 1, "theta": 60.0, "wave_length": 64.0, "ny": 16, "w_ci": 13.546520729259816, "w_pi": 13165.49571192947, "dt": 0.00724723140257176, "dz": 11385.536274504011, "Lz": 1457348.6431365134, "Lx": 0.0, "k": 4.311381038964624e-06}