{"dim": 3, "diag": true, "test": true, "n0": 100000000.0, "m_ion_norm": 1836.152, "m_ion": 1.672621310227663e-27, "v_ti": 77096.21047383804, "nz": 512, "nx": 8, "nppc": 64, "time_norm": 2.0, "dt_norm": 0.01, "diag_time_norm": 1, "diag_steps": 100, "diag_part": true, "diag_field": true, "diag_format": "plotfile", "diag_openpmd_backend": "h5", "restart": true, "grid_kwargs": {"warpx_blocking_factor_x": 4, "warpx_blocking_factor_y": 4}, "warpx_kwargs": {}, "beta": 0.25, "B0": 1.0000000000000001e-07, "vA": 218061.01291934482, "vA_over_c": 0.000727373244724338, "n_floor_coef": 0.015625, "plasma_resistivity": 100.0, "plasma_hyper_resistivity": 1e-06, "substeps": 8, "T_plasma": 62.05164441913021, "Te": 62.05164441913021, "t_ci": 0.6559445081070829, "d_i": 22771.072549008022, "Lz_norm": 256, "Lx_norm": 4.0, "dz_norm": 0.5, "A": 1, "theta": 60.0, "wave_number": 4, "ny": 8, "w_ci": 9.578836669143751, "w_pi": 13165.49571192947, "dt": 0.006559445081070829, "dz": 11385.536274504011, "Lz": 5829394.572546054, "Lx": 91084.29019603209, "k": 4.311381038964624e-06, "checkpt_steps": 200}