{"dim": 1, "diag": true, "n0": 6.01476103803785e+23, "m_ion_norm": 100, "m_ion": 9.1093837015e-29, "v_ti": 6703.563152297506, "nz": 32, "nx": 1024, "nppc": 64, "diag_steps": 64, "beta": 0.1, "vA": 29979.2458, "plasma_resistivity": 1e-07, "T_plasma": 0.02554994749980821, "Te": 0.02554994749980821, "t_ci": 1.4289547011512839e-08, "d_i": 6.852041474618701e-05, "time_norm": 100.0, "dt_norm": 0.015625, "diag_time_norm": 1, "Lz_norm": 4, "Lx_norm": 128, "dz_norm": 0.125, "test": true, "B0": 0.25, "vA_over_c": 0.0001, "A": 0.1, "w_ci": 439705002.6930408, "w_pi": 4375228304009.6855, "rho_i": 1.5245592183942654e-05, "dz": 8.565051843273376e-06, "Lz": 0.00027408165898474803, "Lx": 0.008770613087511937, "k": 716.3906610047499}