{"dim": 1, "diag": true, "test": true, "n0": 100000000.0, "m_ion_norm": 1836.152, "m_ion": 1.672621310227663e-27, "v_ti": 48759.92481301149, "nz": 512, "nx": 16, "nppc": 64, "time_norm": 100.0, "dt_norm": 0.00390625, "diag_time_norm": 1, "diag_steps": 256, "diag_part": false, "diag_field": true, "diag_format": "plotfile", "diag_openpmd_backend": "h5", "diag_field_list": ["E", "B", "J", "rho"], "diag_part_list": null, "restart": false, "grid_kwargs": {}, "warpx_kwargs": {}, "beta": 0.1, "B0": 1.0000000000000001e-07, "vA": 218061.01291934482, "vA_over_c": 0.000727373244724338, "n_floor_coef": 0.015625, "plasma_resistivity": 1e-06, "plasma_hyper_resistivity": 1e-06, "substeps": 10, "T_plasma": 24.820657767652076, "Te": 24.820657767652076, "t_ci": 0.4638228097645926, "d_i": 22771.072549008022, "Lz_norm": 128, "Lx_norm": 0, "dz_norm": 0.25, "A": 1, "theta": 0, "wave_number": 1, "ny": 16, "w_ci": 13.546520729259816, "w_pi": 13165.49571192947, "dt": 0.00181180785064294, "dz": 5692.7681372520055, "Lz": 2914697.286273027, "Lx": 0.0, "k": 2.155690519482312e-06}