{"dim": 2, "diag": true, "n0": 100000000.0, "m_ion_norm": 100, "m_ion": 9.1093837015e-29, "v_ti": 207957.64245251397, "nz": 32, "nx": 1024, "nppc": 64, "diag_steps": 64, "beta": 0.1, "vA": 930014.8499288347, "plasma_resistivity": 1e-07, "T_plasma": 24.588292599321438, "Te": 24.588292599321438, "t_ci": 0.035723867528782094, "d_i": 5314.093261582036, "time_norm": 100.0, "dt_norm": 0.015625, "diag_time_norm": 1, "Lz_norm": 4, "Lx_norm": 128, "dz_norm": 0.125, "test": true, "B0": 1.0000000000000001e-07, "vA_over_c": null, "A": 0.1, "w_ci": 175.88200107721636, "w_pi": 56414.602311806266, "dz": 664.2616576977545, "Lz": 21256.373046328143, "Lx": 680203.9374825006, "k": 9.237208079733046e-06}