{"dim": 3, "diag": true, "test": true, "n0": 100000000.0, "m_ion_norm": 400, "m_ion": 3.6437534806e-28, "v_ti": 165018.7869319539, "nz": 128, "nx": 8, "nppc": 256, "dt_norm": 0.125, "diag_time_norm": 1, "diag_steps": 8, "diag_part": true, "diag_field": true, "diag_format": "openpmd", "diag_openpmd_backend": "h5", "beta": 0.25, "B0": 1.0000000000000001e-07, "vA": 466743.61305105046, "vA_over_c": 0.0015568891097689005, "n_floor_coef": 0.015625, "plasma_resistivity": 0.0, "plasma_hyper_resistivity": 1e-06, "substeps": 32, "T_plasma": 61.930612282580206, "Te": 61.930612282580206, "t_ci": 0.14289547011512838, "d_i": 10628.186523164071, "time_norm": 100.0, "Lz_norm": 256, "Lx_norm": 16, "dz_norm": 2.0, "A": 0.5, "theta": 60.0, "wave_number": 4, "Ly_norm": 16, "w_ci": 43.97050026930409, "w_pi": 28207.301155903133, "dt": 0.017861933764391047, "dz": 21256.373046328143, "Lz": 2720815.7499300023, "Lx": 170050.98437062514, "k": 9.237208079733046e-06}